{"cameraMode":{"drawMode":0,"name":"Shaded","section":"Shading Mode"},"sceneLighting":false,"audioPlay":false,"sceneViewState":{"showFog":true,"showMaterialUpdate":false,"showSkybox":false,"showFlares":true,"showImageEffects":true,"showParticleSystems":true},"in2DMode":false,"pivot":{"x":19.842199325561525,"y":1.0782767534255982,"z":-15.028697967529297},"rotation":{"x":-0.1400548666715622,"y":0.2558874487876892,"z":-0.03749687224626541,"w":-0.9557752013206482},"size":4.476221561431885,"orthographic":false}