{"cameraMode":{"drawMode":0,"name":"Shaded","section":"Shading Mode"},"sceneLighting":false,"audioPlay":false,"sceneViewState":{"showFog":true,"showMaterialUpdate":false,"showSkybox":false,"showFlares":true,"showImageEffects":true,"showParticleSystems":true},"in2DMode":false,"pivot":{"x":1.2978479862213135,"y":0.624739408493042,"z":6.186306953430176},"rotation":{"x":0.01166413351893425,"y":-0.23389177024364472,"z":-0.0028199029620736839,"w":-0.9722059369087219},"size":7.483771324157715,"orthographic":false}