{"cameraMode":{"drawMode":0,"name":"Shaded","section":"Shading Mode"},"sceneLighting":false,"audioPlay":false,"sceneViewState":{"showFog":true,"showMaterialUpdate":false,"showSkybox":false,"showFlares":true,"showImageEffects":true,"showParticleSystems":true},"in2DMode":false,"pivot":{"x":0.0,"y":0.7372621893882752,"z":3.0920000076293947},"rotation":{"x":-0.2342645823955536,"y":-0.1255728006362915,"z":0.030530348420143129,"w":-0.9635472893714905},"size":7.079523086547852,"orthographic":false}