{"cameraMode":{"drawMode":0,"name":"Shaded","section":"Shading Mode"},"sceneLighting":false,"audioPlay":false,"sceneViewState":{"showFog":true,"showMaterialUpdate":false,"showSkybox":false,"showFlares":true,"showImageEffects":true,"showParticleSystems":true},"in2DMode":false,"pivot":{"x":-2.6382579803466799,"y":5.982089042663574,"z":10.208072662353516},"rotation":{"x":0.213422030210495,"y":-0.2134220004081726,"z":0.047837380319833758,"w":0.9521626830101013},"size":92.22599792480469,"orthographic":true}