{"cameraMode":{"drawMode":0,"name":"Shaded","section":"Shading Mode"},"sceneLighting":false,"audioPlay":false,"sceneViewState":{"showFog":true,"showMaterialUpdate":false,"showSkybox":false,"showFlares":true,"showImageEffects":true,"showParticleSystems":true},"in2DMode":false,"pivot":{"x":3.5594263076782228,"y":0.548497200012207,"z":-1.7380945682525635},"rotation":{"x":0.18238121271133424,"y":-0.3110237717628479,"z":0.06094599515199661,"w":0.9307457804679871},"size":13.196474075317383,"orthographic":false}