{"cameraMode":{"drawMode":0,"name":"Shaded","section":"Shading Mode"},"sceneLighting":false,"audioPlay":false,"sceneViewState":{"showFog":true,"showMaterialUpdate":false,"showSkybox":false,"showFlares":true,"showImageEffects":true,"showParticleSystems":true},"in2DMode":false,"pivot":{"x":640.433837890625,"y":360.2661437988281,"z":0.060546875},"rotation":{"x":0.028462110087275506,"y":-0.04977697506546974,"z":0.0014082648558542133,"w":0.998368501663208},"size":3.0387613773345949,"orthographic":true}