{"cameraMode":{"drawMode":0,"name":"Shaded","section":"Shading Mode"},"sceneLighting":false,"audioPlay":false,"sceneViewState":{"showFog":true,"showMaterialUpdate":false,"showSkybox":false,"showFlares":true,"showImageEffects":true,"showParticleSystems":true},"in2DMode":false,"pivot":{"x":0.00490725040435791,"y":0.15555691719055177,"z":-0.36307889223098757},"rotation":{"x":0.004753485321998596,"y":0.8916187882423401,"z":-0.009361916221678257,"w":0.45268315076828005},"size":4.457709789276123,"orthographic":false}