{"cameraMode":{"drawMode":0,"name":"Shaded","section":"Shading Mode"},"sceneLighting":false,"audioPlay":false,"sceneViewState":{"showFog":true,"showMaterialUpdate":false,"showSkybox":false,"showFlares":true,"showImageEffects":true,"showParticleSystems":true},"in2DMode":false,"pivot":{"x":-0.2568500339984894,"y":0.4613531827926636,"z":-0.07158136367797852},"rotation":{"x":0.0008235538261942565,"y":0.9987705945968628,"z":0.04647664353251457,"w":-0.01768401823937893},"size":5.118933200836182,"orthographic":false}