{"cameraMode":{"drawMode":0,"name":"Shaded","section":"Shading Mode"},"sceneLighting":false,"audioPlay":false,"sceneViewState":{"showFog":true,"showMaterialUpdate":false,"showSkybox":false,"showFlares":true,"showImageEffects":true,"showParticleSystems":true},"in2DMode":false,"pivot":{"x":639.3374633789063,"y":360.33453369140627,"z":0.08935546875},"rotation":{"x":0.07937105745077133,"y":0.0340682752430439,"z":-0.0027241145726293327,"w":0.9962734580039978},"size":1.4606008529663087,"orthographic":true}