{"cameraMode":{"drawMode":0,"name":"Shaded","section":"Shading Mode"},"sceneLighting":false,"audioPlay":false,"sceneViewState":{"showFog":true,"showMaterialUpdate":false,"showSkybox":false,"showFlares":true,"showImageEffects":true,"showParticleSystems":true},"in2DMode":false,"pivot":{"x":641.4183349609375,"y":360.260009765625,"z":-0.06666667014360428},"rotation":{"x":0.07937105745077133,"y":0.0340682752430439,"z":-0.0027241145726293327,"w":0.9962734580039978},"size":4.393999099731445,"orthographic":true}