{"cameraMode":{"drawMode":0,"name":"Shaded","section":"Shading Mode"},"sceneLighting":false,"audioPlay":false,"sceneViewState":{"showFog":true,"showMaterialUpdate":false,"showSkybox":false,"showFlares":true,"showImageEffects":true,"showParticleSystems":true},"in2DMode":false,"pivot":{"x":0.46999216079711916,"y":0.7161136865615845,"z":3.116593360900879},"rotation":{"x":-0.11905703693628311,"y":0.23967452347278596,"z":-0.029643500223755838,"w":-0.963087260723114},"size":2.7978899478912355,"orthographic":false}