{"cameraMode":{"drawMode":0,"name":"Shaded","section":"Shading Mode"},"sceneLighting":false,"audioPlay":false,"sceneViewState":{"showFog":true,"showMaterialUpdate":false,"showSkybox":false,"showFlares":true,"showImageEffects":true,"showParticleSystems":true},"in2DMode":false,"pivot":{"x":0.275543212890625,"y":-0.719696044921875,"z":2.15869140625},"rotation":{"x":-0.12328685820102692,"y":-0.8610854148864746,"z":0.2494807243347168,"w":-0.42557740211486819},"size":0.657201886177063,"orthographic":true}