{"cameraMode":{"drawMode":0,"name":"Shaded","section":"Shading Mode"},"sceneLighting":false,"audioPlay":false,"sceneViewState":{"showFog":true,"showMaterialUpdate":false,"showSkybox":false,"showFlares":true,"showImageEffects":true,"showParticleSystems":true},"in2DMode":false,"pivot":{"x":641.4000244140625,"y":360.33001708984377,"z":0.0},"rotation":{"x":0.07937105745077133,"y":0.0340682752430439,"z":-0.0027241145726293327,"w":0.9962734580039978},"size":4.104856967926025,"orthographic":true}