{"cameraMode":{"drawMode":0,"name":"Shaded","section":"Shading Mode"},"sceneLighting":false,"audioPlay":false,"sceneViewState":{"showFog":true,"showMaterialUpdate":false,"showSkybox":false,"showFlares":true,"showImageEffects":true,"showParticleSystems":true},"in2DMode":false,"pivot":{"x":-1.2353477478027344,"y":-7.846652984619141,"z":4.329280853271484},"rotation":{"x":0.213422030210495,"y":-0.2134220004081726,"z":0.047837380319833758,"w":0.9521626830101013},"size":175.00894165039063,"orthographic":true}