{"cameraMode":{"drawMode":0,"name":"Shaded","section":"Shading Mode"},"sceneLighting":false,"audioPlay":false,"sceneViewState":{"showFog":true,"showMaterialUpdate":false,"showSkybox":false,"showFlares":true,"showImageEffects":true,"showParticleSystems":true},"in2DMode":false,"pivot":{"x":0.5452804565429688,"y":82.3652114868164,"z":-1.531890869140625},"rotation":{"x":0.1405065506696701,"y":-0.019305292516946794,"z":0.0027402180712670089,"w":0.9898875951766968},"size":473.0918884277344,"orthographic":true}