{"cameraMode":{"drawMode":0,"name":"Shaded","section":"Shading Mode"},"sceneLighting":false,"audioPlay":false,"sceneViewState":{"showFog":true,"showMaterialUpdate":false,"showSkybox":false,"showFlares":true,"showImageEffects":true,"showParticleSystems":true},"in2DMode":false,"pivot":{"x":25.356979370117189,"y":-1.0402212142944337,"z":8.208436965942383},"rotation":{"x":0.213422030210495,"y":-0.2134220004081726,"z":0.047837380319833758,"w":0.9521626830101013},"size":42.83030700683594,"orthographic":true}