{"cameraMode":{"drawMode":0,"name":"Shaded","section":"Shading Mode"},"sceneLighting":false,"audioPlay":false,"sceneViewState":{"showFog":true,"showMaterialUpdate":false,"showSkybox":false,"showFlares":true,"showImageEffects":true,"showParticleSystems":true},"in2DMode":false,"pivot":{"x":0.04687780141830444,"y":0.5255423188209534,"z":0.2868342697620392},"rotation":{"x":-0.004597126040607691,"y":0.6427547335624695,"z":-0.0038554000202566387,"w":-0.7660650610923767},"size":1.245234489440918,"orthographic":false}