{"cameraMode":{"drawMode":0,"name":"Shaded","section":"Shading Mode"},"sceneLighting":false,"audioPlay":false,"sceneViewState":{"showFog":true,"showMaterialUpdate":false,"showSkybox":false,"showFlares":true,"showImageEffects":true,"showParticleSystems":true},"in2DMode":false,"pivot":{"x":-1.2213058471679688,"y":3.9998207092285158,"z":3.3538551330566408},"rotation":{"x":0.0038390271365642549,"y":0.9604095816612244,"z":-0.2782508432865143,"w":0.013251070864498616},"size":28.904369354248048,"orthographic":false}