{"cameraMode":{"drawMode":0,"name":"Shaded","section":"Shading Mode"},"sceneLighting":false,"audioPlay":false,"sceneViewState":{"showFog":true,"showMaterialUpdate":false,"showSkybox":false,"showFlares":true,"showImageEffects":true,"showParticleSystems":true},"in2DMode":false,"pivot":{"x":125.68862915039063,"y":319.4538879394531,"z":59.8814697265625},"rotation":{"x":0.1017678827047348,"y":-0.0328223817050457,"z":0.003359496360644698,"w":0.9942604899406433},"size":1673.3089599609375,"orthographic":false}