{"cameraMode":{"drawMode":0,"name":"Shaded","section":"Shading Mode"},"sceneLighting":false,"audioPlay":false,"sceneViewState":{"showFog":true,"showMaterialUpdate":false,"showSkybox":false,"showFlares":true,"showImageEffects":true,"showParticleSystems":true},"in2DMode":false,"pivot":{"x":0.08675524592399597,"y":0.6192940473556519,"z":-0.06831002235412598},"rotation":{"x":-0.006903133820742369,"y":0.9902690649032593,"z":-0.12845782935619355,"w":-0.05323268845677376},"size":2.725860357284546,"orthographic":false}