{"cameraMode":{"drawMode":0,"name":"Shaded","section":"Shading Mode"},"sceneLighting":false,"audioPlay":false,"sceneViewState":{"showFog":true,"showMaterialUpdate":false,"showSkybox":false,"showFlares":true,"showImageEffects":true,"showParticleSystems":true},"in2DMode":false,"pivot":{"x":-7.116036415100098,"y":-0.294083833694458,"z":-0.41201019287109377},"rotation":{"x":-0.050027646124362949,"y":-0.9446536302566528,"z":0.17189782857894898,"w":-0.2749187648296356},"size":128.43995666503907,"orthographic":true}