{"cameraMode":{"drawMode":0,"name":"Shaded","section":"Shading Mode"},"sceneLighting":false,"audioPlay":false,"sceneViewState":{"showFog":true,"showMaterialUpdate":false,"showSkybox":false,"showFlares":true,"showImageEffects":true,"showParticleSystems":true},"in2DMode":false,"pivot":{"x":0.4823322296142578,"y":-10.700660705566407,"z":-0.09256267547607422},"rotation":{"x":0.18238121271133424,"y":-0.3110237717628479,"z":0.06094599515199661,"w":0.9307457804679871},"size":81.16390228271485,"orthographic":false}